kaomao45,88888888,28/03/2021,18:44:10
kaomao45,88888888,28/03/2021,18:44:57
kaomao45,88888888,28/03/2021,18:45:30
kaomao45,88888888,28/03/2021,18:46:38
kaomao45,88888888,28/03/2021,18:49:51
kaomao45,88888888,28/03/2021,18:57:06
kaomao45,88888888,28/03/2021,18:58:14
kaomao45,88888888,28/03/2021,19:03:33
kaomao45,88888888,28/03/2021,19:05:10
kaomao45,88888888,28/03/2021,19:05:48
kaomao45,88888888,28/03/2021,19:06:28
kaomao45,88888888,28/03/2021,20:39:57
kaomao45,88888888,28/03/2021,20:41:22
kaomao45,88888888,28/03/2021,20:42:15
kaomao45,88888888,28/03/2021,20:43:58
kaomao45,88888888,28/03/2021,20:44:17
kaomao45,88888888,28/03/2021,23:45:29
kaomao45,88888888,28/03/2021,23:45:29
kaomao45,88888888,28/03/2021,23:45:29
kaomao45,88888888,28/03/2021,23:48:36
kaomao45,88888888,28/03/2021,23:52:48
kaomao45,88888888,28/03/2021,23:54:58
kaomao45,88888888,29/03/2021,13:06:15
kaomao45,88888888,29/03/2021,13:08:20
kaomao45,88888888,29/03/2021,13:08:49
kaomao45,88888888,29/03/2021,18:56:53
kaomao45,88888888,29/03/2021,19:21:37
kaomao45,88888888,29/03/2021,19:24:41
kaomao45,88888888,29/03/2021,19:28:46
kaomao45,88888888,29/03/2021,19:32:00
kaomao45,88888888,29/03/2021,19:57:38
kaomao45,88888888,29/03/2021,20:06:29
kaomao45,88888888,29/03/2021,20:10:30
kaomao45,88888888,29/03/2021,20:13:57
kaomao45,88888888,29/03/2021,20:15:24
kaomao45,88888888,29/03/2021,20:44:42
kaomao45,88888888,29/03/2021,22:14:57
kaomao45,88888888,29/03/2021,22:15:44
kaomao45,88888888,29/03/2021,22:48:04
kaomao45,88888888,29/03/2021,22:49:23
kaomao45,88888888,29/03/2021,23:22:00
kaomao45,88888888,29/03/2021,23:24:48
kaomao45,88888888,29/03/2021,23:26:42
kaomao45,88888888,29/03/2021,23:28:41
kaomao45,88888888,29/03/2021,23:36:41
kaomao45,88888888,29/03/2021,23:40:39
kaomao45,88888888,29/03/2021,23:45:48
kaomao45,88888888,29/03/2021,23:46:24
kaomao45,88888888,29/03/2021,23:47:24
kaomao45,88888888,29/03/2021,23:47:55
kaomao45,88888888,29/03/2021,23:48:16
kaomao45,88888888,29/03/2021,23:48:56
kaomao45,88888888,29/03/2021,23:49:25
kaomao45,88888888,29/03/2021,23:49:41
kaomao45,88888888,29/03/2021,23:50:16
kaomao45,88888888,29/03/2021,23:50:37
kaomao45,88888888,29/03/2021,23:50:56
kaomao45,88888888,29/03/2021,23:51:52
kaomao45,88888888,29/03/2021,23:52:16
kaomao45,88888888,29/03/2021,23:54:13
kaomao45,88888888,29/03/2021,23:54:54
kaomao45,88888888,29/03/2021,23:55:23
kaomao45,88888888,29/03/2021,23:57:03
kaomao45,88888888,29/03/2021,23:57:52
kaomao45,88888888,30/03/2021,00:00:47
kaomao45,88888888,30/03/2021,00:01:53
kaomao45,88888888,30/03/2021,00:02:38
kaomao45,88888888,30/03/2021,00:03:15
kaomao45,88888888,30/03/2021,00:03:29
kaomao45,88888888,30/03/2021,00:03:52
kaomao45,88888888,30/03/2021,00:04:17
kaomao45,88888888,30/03/2021,00:06:30
kaomao45,88888888,30/03/2021,00:06:40
kaomao45,88888888,30/03/2021,00:07:01
kaomao45,88888888,30/03/2021,00:07:13
kaomao45,88888888,30/03/2021,00:08:06
kaomao45,88888888,30/03/2021,00:08:12
kaomao45,88888888,30/03/2021,00:08:28
kaomao45,88888888,30/03/2021,00:08:45
kaomao45,88888888,30/03/2021,00:09:13
kaomao45,88888888,30/03/2021,00:09:21
kaomao45,88888888,30/03/2021,00:09:28
kaomao45,88888888,30/03/2021,00:09:34
kaomao45,88888888,30/03/2021,00:09:51
kaomao45,88888888,30/03/2021,00:10:00
kaomao45,88888888,30/03/2021,00:10:18
kaomao45,88888888,30/03/2021,00:10:26
kaomao45,88888888,30/03/2021,00:10:37
kaomao45,88888888,30/03/2021,00:20:27
kaomao45,88888888,30/03/2021,00:20:45
kaomao45,88888888,30/03/2021,00:20:58
kaomao45,88888888,30/03/2021,00:21:41
kaomao45,88888888,30/03/2021,00:29:23
kaomao45,88888888,30/03/2021,00:30:21
kaomao45,88888888,30/03/2021,00:31:26
kaomao45,88888888,30/03/2021,00:44:47
kaomao45,88888888,30/03/2021,00:45:09
kaomao45,88888888,30/03/2021,00:50:15
kaomao45,88888888,30/03/2021,00:54:09
kaomao45,88888888,30/03/2021,00:56:40
kaomao45,88888888,30/03/2021,00:57:08
kaomao45,88888888,30/03/2021,00:58:03
kaomao45,88888888,30/03/2021,01:00:37
kaomao45,88888888,30/03/2021,01:02:24
kaomao45,88888888,30/03/2021,01:03:17
kaomao45,88888888,30/03/2021,01:04:22
kaomao45,88888888,30/03/2021,01:05:28
kaomao45,88888888,30/03/2021,01:06:41
kaomao45,88888888,30/03/2021,01:07:49
kaomao45,88888888,30/03/2021,01:08:44
kaomao45,88888888,30/03/2021,01:09:31
kaomao45,88888888,30/03/2021,01:14:49
kaomao45,88888888,30/03/2021,01:17:44
kaomao45,88888888,30/03/2021,01:18:34
kaomao45,88888888,30/03/2021,01:19:11
kaomao45,88888888,30/03/2021,01:19:35
kaomao45,88888888,30/03/2021,01:21:54
kaomao45,88888888,30/03/2021,01:22:27
kaomao45,88888888,30/03/2021,01:23:09
kaomao45,88888888,30/03/2021,01:24:01
kaomao45,88888888,30/03/2021,01:25:16
kaomao45,88888888,30/03/2021,01:25:37
kaomao45,88888888,30/03/2021,12:58:03
kaomao45,88888888,30/03/2021,12:58:18
kaomao45,88888888,30/03/2021,12:58:45
kaomao45,88888888,30/03/2021,12:59:28
kaomao45,88888888,30/03/2021,13:03:25
kaomao45,88888888,30/03/2021,13:03:38
kaomao45,88888888,30/03/2021,13:03:56
kaomao45,88888888,30/03/2021,13:04:05
kaomao45,88888888,30/03/2021,13:04:24
kaomao45,88888888,30/03/2021,13:04:33
kaomao45,88888888,30/03/2021,13:04:40
kaomao45,88888888,30/03/2021,13:12:28
kaomao45,88888888,30/03/2021,13:12:37
kaomao45,88888888,30/03/2021,13:13:26
kaomao45,88888888,30/03/2021,13:13:38
kaomao45,88888888,30/03/2021,13:13:48
kaomao45,88888888,30/03/2021,13:13:56
kaomao45,88888888,30/03/2021,13:27:21
kaomao45,88888888,30/03/2021,13:28:21
kaomao45,88888888,30/03/2021,13:28:44
kaomao45,88888888,30/03/2021,13:29:20
kaomao45,88888888,30/03/2021,13:29:32
kaomao45,88888888,30/03/2021,13:51:23
kaomao45,88888888,30/03/2021,13:52:37
kaomao45,88888888,30/03/2021,13:55:55
kaomao45,88888888,30/03/2021,13:57:33
kaomao45,88888888,30/03/2021,13:58:44
kaomao45,88888888,30/03/2021,14:00:40
kaomao45,88888888,30/03/2021,14:02:55
kaomao45,88888888,30/03/2021,14:03:33
kaomao45,88888888,30/03/2021,14:06:22
kaomao45,88888888,30/03/2021,14:07:12
kaomao45,88888888,30/03/2021,14:21:47
